{
  "IcoMoonType": "selection",
  "icons": [
    {
      "icon": {
        "paths": [
          "M877.714 768v73.143c0 20-16.571 36.571-36.571 36.571h-804.571c-20 0-36.571-16.571-36.571-36.571v-73.143c0-20 16.571-36.571 36.571-36.571h804.571c20 0 36.571 16.571 36.571 36.571zM877.714 475.429v73.143c0 20-16.571 36.571-36.571 36.571h-804.571c-20 0-36.571-16.571-36.571-36.571v-73.143c0-20 16.571-36.571 36.571-36.571h804.571c20 0 36.571 16.571 36.571 36.571zM877.714 182.857v73.143c0 20-16.571 36.571-36.571 36.571h-804.571c-20 0-36.571-16.571-36.571-36.571v-73.143c0-20 16.571-36.571 36.571-36.571h804.571c20 0 36.571 16.571 36.571 36.571z"
        ],
        "width": 877.7142857142857,
        "attrs": [],
        "isMulticolor": false,
        "isMulticolor2": false,
        "tags": [
          "bars",
          "navicon",
          "reorder"
        ],
        "defaultCode": 61641,
        "grid": 14
      },
      "attrs": [],
      "properties": {
        "name": "bars, navicon, reorder",
        "id": 178,
        "order": 14,
        "prevSize": 28
      },
      "setIdx": 0,
      "setId": 2,
      "iconIdx": 178
    },
    {
      "icon": {
        "paths": [
          "M585.143 621.714c0 9.714-4 18.857-10.857 25.714l-256 256c-6.857 6.857-16 10.857-25.714 10.857s-18.857-4-25.714-10.857l-256-256c-6.857-6.857-10.857-16-10.857-25.714 0-20 16.571-36.571 36.571-36.571h512c20 0 36.571 16.571 36.571 36.571zM585.143 402.286c0 20-16.571 36.571-36.571 36.571h-512c-20 0-36.571-16.571-36.571-36.571 0-9.714 4-18.857 10.857-25.714l256-256c6.857-6.857 16-10.857 25.714-10.857s18.857 4 25.714 10.857l256 256c6.857 6.857 10.857 16 10.857 25.714z"
        ],
        "width": 585.1428571428571,
        "attrs": [],
        "isMulticolor": false,
        "isMulticolor2": false,
        "tags": [
          "sort",
          "unsorted"
        ],
        "defaultCode": 61660,
        "grid": 14
      },
      "attrs": [],
      "properties": {
        "name": "sort, unsorted",
        "id": 196,
        "order": 16,
        "prevSize": 28
      },
      "setIdx": 0,
      "setId": 2,
      "iconIdx": 196
    },
    {
      "icon": {
        "paths": [
          "M585.143 621.714c0 9.714-4 18.857-10.857 25.714l-256 256c-6.857 6.857-16 10.857-25.714 10.857s-18.857-4-25.714-10.857l-256-256c-6.857-6.857-10.857-16-10.857-25.714 0-20 16.571-36.571 36.571-36.571h512c20 0 36.571 16.571 36.571 36.571z"
        ],
        "width": 585.1428571428571,
        "attrs": [],
        "isMulticolor": false,
        "isMulticolor2": false,
        "tags": [
          "sort-desc",
          "sort-down"
        ],
        "defaultCode": 61661,
        "grid": 14
      },
      "attrs": [],
      "properties": {
        "name": "sort-desc, sort-down",
        "id": 197,
        "order": 17,
        "prevSize": 28
      },
      "setIdx": 0,
      "setId": 2,
      "iconIdx": 197
    },
    {
      "icon": {
        "paths": [
          "M585.143 402.286c0 20-16.571 36.571-36.571 36.571h-512c-20 0-36.571-16.571-36.571-36.571 0-9.714 4-18.857 10.857-25.714l256-256c6.857-6.857 16-10.857 25.714-10.857s18.857 4 25.714 10.857l256 256c6.857 6.857 10.857 16 10.857 25.714z"
        ],
        "width": 585.1428571428571,
        "attrs": [],
        "isMulticolor": false,
        "isMulticolor2": false,
        "tags": [
          "sort-asc",
          "sort-up"
        ],
        "defaultCode": 61662,
        "grid": 14
      },
      "attrs": [],
      "properties": {
        "name": "sort-asc, sort-up",
        "id": 198,
        "order": 18,
        "prevSize": 28
      },
      "setIdx": 0,
      "setId": 2,
      "iconIdx": 198
    },
    {
      "icon": {
        "paths": [
          "M877.714 512c0 242.286-196.571 438.857-438.857 438.857s-438.857-196.571-438.857-438.857 196.571-438.857 438.857-438.857 438.857 196.571 438.857 438.857z"
        ],
        "width": 877.7142857142857,
        "attrs": [],
        "isMulticolor": false,
        "isMulticolor2": false,
        "tags": [
          "circle"
        ],
        "defaultCode": 61713,
        "grid": 14
      },
      "attrs": [],
      "properties": {
        "name": "circle",
        "id": 245,
        "order": 9,
        "prevSize": 28
      },
      "setIdx": 0,
      "setId": 2,
      "iconIdx": 245
    },
    {
      "icon": {
        "paths": [
          "M402.286 182.857v438.857c0 20-16.571 36.571-36.571 36.571v0 329.143c0 20-16.571 36.571-36.571 36.571h-292.571c-20 0-36.571-16.571-36.571-36.571v-292.571l142.286-498.857c2.286-8 9.714-13.143 17.714-13.143h242.286zM585.143 182.857v402.286h-146.286v-402.286h146.286zM1024 694.857v292.571c0 20-16.571 36.571-36.571 36.571h-292.571c-20 0-36.571-16.571-36.571-36.571v-329.143c-20 0-36.571-16.571-36.571-36.571v-438.857h242.286c8 0 15.429 5.143 17.714 13.143zM420.571 18.286v128h-201.143v-128c0-10.286 8-18.286 18.286-18.286h164.571c10.286 0 18.286 8 18.286 18.286zM804.571 18.286v128h-201.143v-128c0-10.286 8-18.286 18.286-18.286h164.571c10.286 0 18.286 8 18.286 18.286z"
        ],
        "width": 1024,
        "attrs": [],
        "isMulticolor": false,
        "isMulticolor2": false,
        "tags": [
          "binoculars"
        ],
        "defaultCode": 61925,
        "grid": 14
      },
      "attrs": [],
      "properties": {
        "name": "binoculars",
        "id": 441,
        "order": 15,
        "prevSize": 28
      },
      "setIdx": 0,
      "setId": 2,
      "iconIdx": 441
    },
    {
      "icon": {
        "paths": [
          "M512.002 193.212v-65.212h128v-64c0-35.346-28.654-64-64.002-64h-191.998c-35.346 0-64 28.654-64 64v64h128v65.212c-214.798 16.338-384 195.802-384 414.788 0 229.75 186.25 416 416 416s416-186.25 416-416c0-218.984-169.202-398.448-384-414.788zM706.276 834.274c-60.442 60.44-140.798 93.726-226.274 93.726s-165.834-33.286-226.274-93.726c-60.44-60.44-93.726-140.8-93.726-226.274s33.286-165.834 93.726-226.274c58.040-58.038 134.448-91.018 216.114-93.548l-21.678 314.020c-1.86 26.29 12.464 37.802 31.836 37.802s33.698-11.512 31.836-37.802l-21.676-314.022c81.666 2.532 158.076 35.512 216.116 93.55 60.44 60.44 93.726 140.8 93.726 226.274s-33.286 165.834-93.726 226.274z"
        ],
        "tags": [
          "stopwatch",
          "time",
          "speed",
          "meter",
          "chronometer"
        ],
        "defaultCode": 59730,
        "grid": 16,
        "attrs": []
      },
      "attrs": [],
      "properties": {
        "ligatures": "stopwatch, time5",
        "name": "start-stop",
        "order": 13,
        "id": 83,
        "prevSize": 32
      },
      "setIdx": 1,
      "setId": 1,
      "iconIdx": 82
    },
    {
      "icon": {
        "paths": [
          "M1014.662 822.66c-0.004-0.004-0.008-0.008-0.012-0.010l-310.644-310.65 310.644-310.65c0.004-0.004 0.008-0.006 0.012-0.010 3.344-3.346 5.762-7.254 7.312-11.416 4.246-11.376 1.824-24.682-7.324-33.83l-146.746-146.746c-9.148-9.146-22.45-11.566-33.828-7.32-4.16 1.55-8.070 3.968-11.418 7.31 0 0.004-0.004 0.006-0.008 0.010l-310.648 310.652-310.648-310.65c-0.004-0.004-0.006-0.006-0.010-0.010-3.346-3.342-7.254-5.76-11.414-7.31-11.38-4.248-24.682-1.826-33.83 7.32l-146.748 146.748c-9.148 9.148-11.568 22.452-7.322 33.828 1.552 4.16 3.97 8.072 7.312 11.416 0.004 0.002 0.006 0.006 0.010 0.010l310.65 310.648-310.65 310.652c-0.002 0.004-0.006 0.006-0.008 0.010-3.342 3.346-5.76 7.254-7.314 11.414-4.248 11.376-1.826 24.682 7.322 33.83l146.748 146.746c9.15 9.148 22.452 11.568 33.83 7.322 4.16-1.552 8.070-3.97 11.416-7.312 0.002-0.004 0.006-0.006 0.010-0.010l310.648-310.65 310.648 310.65c0.004 0.002 0.008 0.006 0.012 0.008 3.348 3.344 7.254 5.762 11.414 7.314 11.378 4.246 24.684 1.826 33.828-7.322l146.746-146.748c9.148-9.148 11.57-22.454 7.324-33.83-1.552-4.16-3.97-8.068-7.314-11.414z"
        ],
        "tags": [
          "cross",
          "cancel",
          "close",
          "quit",
          "remove"
        ],
        "defaultCode": 59919,
        "grid": 16,
        "attrs": []
      },
      "attrs": [],